talkNo,title,content,content_date,comments
978459,카페 면접보기로 했는데 이력서 필수인가요??,뭘 뽑아야하는지도 모르겠어서요 ㅠㅠ,2025-02-01 01:29,[]
978458,병원보조 업무 투잡가능?,일산ㅊ병원 건진보조랑 다른 간호보조 업무 해본사람?혹시 병원에서 일할때 겸업금지 조항 있어?의료인도 아니고 그냥 보조업무인데수입이 병원보다 다른 근무지가 조금더 높아서근데 겸업금지 조항 있어도 근무 가능하지 않아?그 사람들이 알려면 조회를 해야되는데 그게 개인정보 침해여서함부로 확인을 못한다고 하더라그래서 작년에 드럭스토어 일하는 동안 겸업금지인데 투잡했거든? 근데 모르던데? 애초에 내가 말을 안하면 모르더라,2025-02-01 01:23,[]
978457,심각한 고민,25인데 친구 1명 믿고 현장직 따라가서 2년동안 노가다 했습니다회사 30군대 중소기업 지원해도 다 떨서졌어요알바도 지원했는데 전부다 떨어졌어요2달동안 집에서 있으니까 바보 같아요회사 다 떨어지고 알바 다 떨어지고할수있는거 없고원하는거 없고무엇을 결정하고 선택하고 모르겠습니다인터넷도 잘 못만지고국민취업제도 신청해도 조건이 안된다 하고 미치겠습니다운전도 못하고모든게 두렵고 겁이나고 무서워요병원을 가고싶어도 돈이 필요해서 못가고있고자격증 따고싶으면 돈들고국가 자격증도 있는데 하는법도 모르고요정말 사는게 힘드네요진짜 사는게 닶일까요?,2025-02-01 00:54,"[{""comment_date"": ""2025-02-01 00:58"", ""comment_text"": ""님처럼 그런 상황에 놓은 사람들 많아요 하늘이 무너져도 피할 구멍은 있다고 했어요""}, {""comment_date"": ""2025-02-01 01:18"", ""comment_text"": ""힘내세요 백화점알바라도 지원해보세요 뭐든 하시면 또다른 새로운 기회가 열릴수도 있습니다.저도 예전에 백화점알바하다가 우연히 총무팀공고떠서  지원했는데 평소 알바하면서 슈퍼바이저분들께 이미지가 좋게 인지되어있어서 붙어서 꽤 일하면서 도움많이 되었습니다 !! 사는게 무조건 답이에요!!""}, {""comment_date"": ""2025-02-01 01:29"", ""comment_text"": ""화이팅입니다""}]"
978456,Cu 편의점 알바 해보신 분 계신가요?..,"Cu 알바 자리 나서 시급도 괜찮길래 지원하고 면접보고 다음 주에 첫 출근 하기로 했어요.근데 20살에 세븐일레븐 6개월 정도? 해봤던 경험만 있는데 그때 어렵지 않았던 것 같은데, 한 지 너무 오래 지났고, 포스기가 다를 것 같아서 또 완전 기계치라 잘할 수 있을까 너무 걱정이 돼서요.. 혹시 근무해보셨거나, 하고 계신 분이 계시다면 이정도는 알아갔음 좋겠다, 또는 다음 근무자가 이렇게 했음 좋겠다 하는 팁 같은 거 알려주실 수 있나요.. 참고해서 해볼게요 ! 참고로 시간대는 저녁 6시부터 11시까지입니다!",2025-02-01 00:45,[]
978454,온라인 지원,새벽에 온라인 지원은 좀 그런가요?...,2025-02-01 00:20,"[{""comment_date"": ""2025-02-01 00:22"", ""comment_text"": ""온라인은 상관없듬""}]"
978453,알바 주휴수당,"주 2일 일하고 하루에 9시간 일하는데, 시급 11000원 기준 한달에 주휴수당 포함하면 총 얼마 받는지 알 수 있을까요?정확한 금액으로 말해주세요..ㅠ",2025-02-01 00:20,"[{""comment_date"": ""2025-02-01 01:02"", ""comment_text"": ""주휴 미포함 총 금액: 860,357\n\n주휴 포함 총 금액: 1,032,428\n주휴 수당 금액: 172,071\n\n이게 꼭 정확할 수가 없는 게 하시는 근무처마다 4대보험이나 뭐 떼가는 것들이 있음 달라질 수 있는 것 같더라고요 하루 빠지는 것들도 주휴 미포함으로 되니 급여 받으실 때 급여명세서 같은 거 보내달라고 해보세요!""}]"
978452,한줄톡,온라인 알바 새벽에 지원해도 괜찮을까요,2025-02-01 00:18,[]
978451,쿠팡 파트,"쿠팡 지원하려고하는데허브, 입고, 포장, 반품 등등 뭐가 많더라고요뭐 다 힘들고 쉬운일은 없겠지만 뭐가 제일 빡세고 뭐가 그중에 제일 하기 괜찮은가요?예전에 마켓컬리인가 무슨 파트인진 모르겠는데 포장된 제품을 불 들어오는곳 바구니에 넣눈걸 했었는데 진짜 힘들었는데 이게 허브인가요?",2025-02-01 00:10,"[{""comment_date"": ""2025-02-01 00:14"", ""comment_text"": ""허브만 피하셈""}, {""comment_date"": ""2025-02-01 00:48"", ""comment_text"": ""허브요\n출고되는 물품들 나오면 파렛트에 적재하고 랩핑 감는거애요 적재잘하셔야 해요""}]"
978450,에이블리 어제공고뜬거,연락왔나요??전에 몇번갔었고어제 공고떴길래 지원했는데 아직 연락이 없네용ㅠ,2025-02-01 00:09,[]
978449,공공기관인데 콜센터직원은 정직원은 아님??,공공기간인 국민건강보험공단 대표번호 상담직원 구인인데... 이해가 안되는건 공단에서 직접 구인하는게 아니고 이름도 이상한 아웃소싱 컨설턴트같은 채용전문기업이래요 ...그리고 같은 내용으로 다 다른곳에서 모집이 엄청 많이 올라와 있어요... 그럼 콜센터 용역같은 개념일까요? 보험공단에서 일해도 그쪽 직원은 아닌건가???그리고 보험료 문의 등 간단한 답변 업무라는데 왜 타이핑 속도거 중요한거죠?? 뭘 많이 써야하나요??15일 교육 평가후 합격자 최종 발표하고 15일간 3만원씩 지급한다는데 이 기간동안 실질적인 업무도 하나요??아니면 하루 8시간씩 15일 총 120시간 내내 업무에 대한 교육만 듣는건가요??중도 포기시 전액 미지급이라고 강조된거보면 많이들 포기한다는거 같은데... 3만원씩 일당주고 15일 일 시키기고 안뽑으면 그만이니까 회사입장에선 손해보는게 없을거 같은데요??혹시 해보신분.....??,2025-01-31 23:40,[]
978448,17살 알바고민,알바 지원했는데 점장님(?)들이 열람만 하고 연락을 안주세요 그럼 탈락한거죠..?돈이 너무 부족해서 알바를 하려는데 알바추천도 해주세요..,2025-01-31 23:22,"[{""comment_date"": ""2025-01-31 23:35"", ""comment_text"": ""17살은 보통 잘 안 뽑죠.. 힘들다고 도망가는 친구들이 많아요. 미자가 하기엔 조건이 안 맞아서 그런걸 수도 있구요. 편의점도 주류, 담배 문제로 안 뽑기 때문에 해봤자 식당이나 프렌차이즈? 위주로 구할 수 밖에 없는거 같아용. 주말알바는 조금 수월하게 뽑히실 수도 있어요""}, {""comment_date"": ""2025-01-31 23:39"", ""comment_text"": ""롯데리아 지원해보셈""}, {""comment_date"": ""2025-01-31 23:43"", ""comment_text"": ""무책임하게 잠수타는 사람들이 많아서 좀 꺼리는듯... 하루이틀 하다 힘들면 그냥 연락없이 안나옴 ㅜㅠ""}, {""comment_date"": ""2025-02-01 00:24"", ""comment_text"": ""최저시급이나 파트타임부터 도전해보세요.\n\n저도 고등학생때부터 일을 했는데\n다음부터라도 잘 뽑히고 싶다면 경력이 먼저 필요할거에요.\n\n10~20명 이하의 중소기업(보통 쇼핑몰)에서\n사무보조를 뽑는 경우가 많아서\n오히려 카페나 편의점보다 취업하기 수월할 수도 있어요.\n\n대신 유튜브나 검색 등의 정보들을 적극 활용해\n업무 습득을 빠르게 하는 것이 유리합니다.\n\n화이팅입니다!""}]"
978445,올리브영 알바,올리브영 알바 학생도 써주나요..??ㅜㅜ무경력 알바인데 알바 구하기가 너무 힘들어요 ㅜㅜ,2025-01-31 23:03,[]
978442,고깃집 알바 출근2번째에 담주 일본여행 간다고 말하기,사실 일본여행 면접 전부터 있던 일정이라 면접볼때 말씀 드렸어야 했는데 말씀을 못 드렸어요.사장님 입장에서도 당황스럽고 저도 너무 염치없는거 아는데 말씀은 드려야해서 문자 보내버렸는데 보니까 수습기간에 여행일정이 있으면 사장님입장에선 진짜 화도 나실거 같고 너무 죄송하네요..알바 오래할 생각이긴했는데 이런식으로 간다고 해버리면 사장님 입장에선 신뢰도 안되고 솔직히 쓰기 좀 힘들거 같다고 생각이들어서 그냥 그만둔다고 하는게 나을까요?,2025-01-31 22:42,"[{""comment_date"": ""2025-01-31 22:58"", ""comment_text"": ""면접때 언제부터 일 가능하다고 얘기하지 않나요 \n미리 왜 말을 안했는지 모르겠네요 \n사장님이 좀 어이없겠네요 무책임하게 보일듯...""}, {""comment_date"": ""2025-01-31 23:02"", ""comment_text"": ""그런 마인드면 일할 생각마세요 ㅡㅡ""}, {""comment_date"": ""2025-01-31 23:41"", ""comment_text"": ""그냥 백수로 사셈""}, {""comment_date"": ""2025-02-01 00:00"", ""comment_text"": ""니 꼴리는데로 하세요  노답이네  앞으로의 인생 보이네""}, {""comment_date"": ""2025-02-01 00:11"", ""comment_text"": ""죄송하다고 해서 해결되면  법이 필요없지""}, {""comment_date"": ""2025-02-01 00:22"", ""comment_text"": ""일본가는걸 포기하세요""}, {""comment_date"": ""2025-02-01 00:23"", ""comment_text"": ""첫 알바라 진짜 열심히 할 생각이긴한데 미리말씀 못 드리고 일주일 전에 말씀 드린게 수습기간에 너무 민폐인거 알아서..이 상황에서 장님입장에선 알바생이 어떻게 하는게 나을까요?""}, {""comment_date"": ""2025-02-01 00:35"", ""comment_text"": ""둘 다 욕심내는건 무리인것 같습니다. 매장 관리자로 일했던 입장으로써 이렇게 요구하는 직원 있으면 다른 사람으로 쉽게 바꿀 수 있는 자리를 궂이 해당 직원과 오래 가지 않고 싶을거에요.\n(그마저도 신입이라면 더더욱이요)\n\n여행과 일을 모두 잡고 싶다면 최소 3개월이라도 열심히 일하는 모습을 보여주시고 그 뒤로 일정을 미루세요. 그렇게까지 하고 싶은 의지가 없다면 일을 그만두는게 좋아보이네요.""}, {""comment_date"": ""2025-02-01 01:00"", ""comment_text"": ""조언대로 죄송하다고 말씀드리고 그만두는게 제일 나을거 같긴하네요…너무 죄송스럽고 그냥 일본 갔다와서 다시 알바를 구하는게 맞는거 같네요.너무 무책임하고 생각도 짧고 죄송스럽고 하…너무 죄송스러워요…""}]"
978440,무경력인데 알바 구하기 ㄹㅇ 힘들다,그나마 편의점에서 뽑아주나,2025-01-31 22:23,"[{""comment_date"": ""2025-01-31 22:26"", ""comment_text"": ""편의점 도전해보세요 경력 없어도 뽑아줘요. 힘내세요""}, {""comment_date"": ""2025-01-31 22:39"", ""comment_text"": ""면접은 가보세요. 근데 편의점이 은근 무경력 안뽑아요""}, {""comment_date"": ""2025-01-31 22:46"", ""comment_text"": ""편의점 해본적 없다고 하니,경력있는사람 뽑는다고 죄송하다는 답변 받았어요. 편의점.카페 둘다 경력 없다면 안뽑아요..물론 1년 계약이라치고,수습급여 주는곳은 있겠지만요""}, {""comment_date"": ""2025-01-31 23:05"", ""comment_text"": ""요즘 편의점도 포스기 배워야하고 로또도 하고 담배이름 위치 알아야하고 물품,쓰레기정리 즉석조리식품 등등 업무가 많아 쉬운게 아님\nPC방도 메뉴가 웬만한 식당보다 많아서 장난 아님""}, {""comment_date"": ""2025-01-31 23:05"", ""comment_text"": ""편의점도 인기업종이라 자리가 안나던데요...  다 야간..""}, {""comment_date"": ""2025-01-31 23:44"", ""comment_text"": ""경력이 있어도 요즘 알바구하기가 힘드네요..""}, {""comment_date"": ""2025-02-01 00:24"", ""comment_text"": ""경력없는 사람은 야간이라도 하고 와야해요""}, {""comment_date"": ""2025-02-01 01:29"", ""comment_text"": ""넌 안뽑아""}]"
978438,엄마가 좋은데 취직하지 말라고,때리는 엄마도 있나? 우리 엄마가 그랬는데나 여자거든?남자들은 니가 벌어서 취업하고 공부하란부모 봤어도 졸업하기 전부터 좋은 회사 가지 말라고 때리고 용돈 끊은건 본적이 없어,2025-01-31 22:08,"[{""comment_date"": ""2025-01-31 23:14"", ""comment_text"": ""에효...일기장에다쓰자좀""}, {""comment_date"": ""2025-01-31 23:15"", ""comment_text"": ""이건 좀 뭔가 이상한데..? 중소 가지 말라고 말리는 사람은 봤어도 좋은데 가지 말라고 하는 부모는 뭐야 도대체...?""}, {""comment_date"": ""2025-01-31 23:29"", ""comment_text"": ""엄마한테 잘난척할거라고 방에 가두고 때리고 아빠랑 남동생한테는 내가 남자랑 바람피고 다녀서 때렸다고 거짓말함""}, {""comment_date"": ""2025-02-01 01:40"", ""comment_text"": ""엥?""}]"
978437,취업해서 일줄하고 관둬도 돼나?,하지말까?시험이 얼마 안남아소 폰비랑 책값만 벌고싶어,2025-01-31 21:59,"[{""comment_date"": ""2025-01-31 23:02"", ""comment_text"": ""무슨일인지 모르지만 일주일 정도는 일 배우는 시기일텐데 일주일만 일하고 관두면 재수없지 않나요\n일주일만 일하는줄 알았으면 안뽑았을건데?? 일주일만 일할거라고 미리 얘기하지  않는이상 욕먹을듯""}, {""comment_date"": ""2025-01-31 23:19"", ""comment_text"": ""일주일이란 단어가 줄임말 할 정도로 긴가? 뭔말인가 했네;;;별걸 다 줄이네 알아 듣게 씁시다.""}, {""comment_date"": ""2025-01-31 23:44"", ""comment_text"": ""일주일할거면 그냥 일당이나뜌ㅣ셈""}, {""comment_date"": ""2025-01-31 23:59"", ""comment_text"": ""그냥 단순물류업무인데 쿠팡확정이 넘  안나서""}, {""comment_date"": ""2025-02-01 00:04"", ""comment_text"": ""ㅇㅇ 관두면 됨 ㅋㅋㅋㅋㅋㅋ""}]"
978435,주휴수당1,어떠한 물류센터에서 일하고 있는데 평일에 연차를 쓰면 주휴수당이 안나옵니다 토요일만 써야 주휴수당이 나옵니다. 이게 맞는걸까요?,2025-01-31 21:34,[]
978434,공장일 잔업은 물량이 많냐 없냐에 따라서 회사에서 결정하는건가요 ?,/,2025-01-31 21:32,"[{""comment_date"": ""2025-01-31 23:11"", ""comment_text"": ""많냐 없냐는 중요하지 않고 그 하루에 할당량 정해진 게 있어요. 부서마다. 많이 들어오든 사람이 그걸 다 못해내면 도루묵이라 관리자가 물량 체크해서 정합니다. 그 할당량에 못미치면 잔업인데 대부분 높게 잡죠. 기계처럼 부려야 수량이 확인되니까요.""}]"
978433,올리브영 3잡 가능할까요?,올리브영에서 너무 일하고 싶습니다오늘 면접 봤는데 점장님이 사람을 너무 존중해 주시는 게 느껴지고 메이트 분들도 친절하셨어요합격 통보는 아직 못 받았는데 여기서 일하면 정말 좋겠다는 생각이 처음 들어서 너무 바라고 있습니다근데 올리브영이 투잡이 안된다고 하더라고요?? 전 2집도 아니도 3잡인데..뒤늦게 알아서 여쭤보지도 못했어요지금 하고 있는 알바 다 4대보험 떼는데 그냥 포기해야 할까요?아니면 다시 여쭤볼까요? 너무 설레발일까요 하…ㅜㅠㅠㅠㅠㅠ,2025-01-31 21:23,"[{""comment_date"": ""2025-01-31 21:33"", ""comment_text"": ""아악…포기못해ㅜㅜㅜㅜ""}, {""comment_date"": ""2025-01-31 22:03"", ""comment_text"": ""전 같이 일한 메이트가 3잡이였는데…\n담부턴 굳이 말하지 마시고 일하세요…\n보통 올영 바쁘면 연장해달라하는데 투잡씩 뛰면 연장 안되니까 꺼리는 경우가 많아여""}, {""comment_date"": ""2025-01-31 23:51"", ""comment_text"": ""냉정하게 말해줄께 계속 할거면 3잡 말하지 말고 힘든거 티내지마 절대 좋게 안봄 같이 일하는 사람들이 내가 얘 커버쳐줘야 하나 생각함 다 먹고 살기 힘들거든""}, {""comment_date"": ""2025-01-31 23:51"", ""comment_text"": ""그리고 월급 줄때 걸림""}, {""comment_date"": ""2025-02-01 01:25"", ""comment_text"": ""윗 댓글이 맞는게 저도 올영포함 쓰리잡 했는데 본인이 말 안하면 몰라요 대신 쓰리잡하는거 티 내지말고\n내는 순간 힘든 티 보이면 꼬투리 잡아여 ㄷㄷㄷ""}, {""comment_date"": ""2025-02-01 01:27"", ""comment_text"": ""4대보험 같은 것도 보통 다른 근무지가 수입이 올영보다 높으면 연락이 간다고 하는데 이게 공무원들이 하는일 이고\n걔들이 그거 일일이 찾을만큼 한가하지도 않고\n굳이 지들이 일을 더 하지 않을거라고 봐여""}]"
978432,최저임금 관련해서 여쭤보고싶은게 있어요 알려주시면 감사하겠습니다!,편의점에서 11월 29일부터 일해서 28~30일 이틀은 편의점 교육급여라고 50%만 받았습니다. 11시간 일했구요. 12월 1일부터는 미성년자여서 사장님이 시급을 휴게시간 10분 제외해서 8215원을 받기로 일하기 전에 합의해서 그렇게 받았고요. 1월부터는 만 18세가 되었으니 올해 기준 최저시급인 10030원을 받는 줄 알았는데 전화해보니 또 10분을 제외해서 준다고 하더라고요. 모든 알바생이 그렇게 받는다고..근데 근로계약서는 최저시급 기준으로 썼거든요 이 경우에 고용노동부에 신고하면 못 받은 급여를 받을 수 있을까요?,2025-01-31 21:22,"[{""comment_date"": ""2025-01-31 21:37"", ""comment_text"": ""넹 받을수 잇어요""}]"
978431,서운산업단지,케이피나인이라는 회사 일해보신분 후기부탁해요,2025-01-31 21:20,[]
978429,마켓컬리 평택 상온 21시 셔틀 없나요?,"3시간 일하는 파트 있잖아요, 셔틀 공고 아무리봐도 안보여서.. 자차타고 출근 가능한 사람들만 가능한건가요?",2025-01-31 21:12,"[{""comment_date"": ""2025-01-31 21:49"", ""comment_text"": ""엉 없어 자차로 와야되""}, {""comment_date"": ""2025-01-31 22:49"", ""comment_text"": ""19시30분도 셔틀 없어요 자차로 타고가야 합니다""}]"
978428,평태 컬리P팀 냉장,내일 평택컬리P팀 냉장 19시30분 첫출근하는데 일하는거 많이 빡센가요? 지인이 많이 힘들다고 하는데 그렇게 힘든가요? 냉장쪽은 처음이여서요,2025-01-31 20:51,[]
978427,컬리 문자 주는시간이,통근버스 타기 1시간전에 근무가능하신분 문자오는데 이렇게 문자주면 통근버스를 타라는건지 모르겠네 r팀,2025-01-31 20:32,"[{""comment_date"": ""2025-01-31 20:37"", ""comment_text"": ""사람이 급한가보네여""}, {""comment_date"": ""2025-01-31 20:38"", ""comment_text"": ""ㄴ 문자를 미리 줘야하는거 아닌가요""}, {""comment_date"": ""2025-01-31 21:10"", ""comment_text"": ""마켓컬리 주차 가능해서 자차 타고라도 올 수 있는 사람들 오라는 것 같아요""}]"
978425,단기알바 ㅅㅇㅂ 조심,전화면접/카페대면면접/엠비티아이/정신질환유무/타투유무/실질적회사없음/합정역/여의도위에 해당되는 것 있으면 꼭 의심해보세요*면접비 대신 컨설팅* 해준다고하면 ..,2025-01-31 20:30,"[{""comment_date"": ""2025-01-31 22:59"", ""comment_text"": ""저도 당할뻔했어요ㅋㅋㅋㅋㅋㅋㅋ 완전 똑같네요...""}]"
978424,사장이 이상한거임?,오늘 메가커피 알바 면접 보고 왔는데얼마 걸리냐길래 버스로 25분 걸린다고 했거든거리가 먼데 근무 할 수 있겠냐고 그러셨어..알바 면접 수도 없이 봤었는데 이런 경우는 처음인데진짜 진심으로 멀다고 생각하시는걸까?? 객관적으로 이게 먼 거리야?? 아님 걍 나를 테스트 하려고...? 내가 싫은건가?,2025-01-31 20:02,"[{""comment_date"": ""2025-01-31 20:04"", ""comment_text"": ""버스타고 25분이면 먼거리가 아닌데 ㅋㅋㅋ 장난하나 ㄴㅋㅋ 걍 너가 싫은듯.. 너 남자지?""}, {""comment_date"": ""2025-01-31 20:05"", ""comment_text"": ""ㄴ 여자임.""}, {""comment_date"": ""2025-01-31 20:06"", ""comment_text"": ""누가 자주 지각했거나 멀어서 그만둔다고 말했나보네""}, {""comment_date"": ""2025-01-31 20:45"", ""comment_text"": ""버스타고 25분이면 먼거리임""}, {""comment_date"": ""2025-01-31 20:46"", ""comment_text"": ""ㄴ 그렇게 생각하는 사람도 있구나 ㅇㅋㅇㅋ""}, {""comment_date"": ""2025-01-31 21:01"", ""comment_text"": ""1곳 제외하고 편도로 40-45분 이였음.순수 버스/지하철 타는시간 30분..?) 사장님이 집앞이 업장인 사람을 찾는 건가??""}, {""comment_date"": ""2025-01-31 21:02"", ""comment_text"": ""엇.. 나두 걸어서도 아니구 버스로 25분이면 멀다구 생각했는데!!""}, {""comment_date"": ""2025-01-31 21:04"", ""comment_text"": ""못생겼나보군""}, {""comment_date"": ""2025-01-31 21:04"", ""comment_text"": ""못생겼나보군 2""}, {""comment_date"": ""2025-01-31 21:04"", ""comment_text"": ""못생겼나보군 3""}, {""comment_date"": ""2025-01-31 21:04"", ""comment_text"": ""못생겼나보군 4""}, {""comment_date"": ""2025-01-31 21:04"", ""comment_text"": ""못생겼나보군 5""}, {""comment_date"": ""2025-01-31 21:05"", ""comment_text"": ""못생겼나보군 6""}, {""comment_date"": ""2025-01-31 22:19"", ""comment_text"": ""7""}, {""comment_date"": ""2025-01-31 22:20"", ""comment_text"": ""멀긴 한데.. 보통은 걸어서 갈 수 있는 사람 뽑죠""}, {""comment_date"": ""2025-01-31 22:59"", ""comment_text"": ""나두 면접 보면 거리는 거의 다 물어보시던데?""}, {""comment_date"": ""2025-01-31 23:24"", ""comment_text"": ""버스 25분은 애교아닌가 …? 도보 25m 인 사람 뽑을라고 하나 ㅋㅋㅋ\n뭐하면 매번 먼데 다닐 수 있겠냐 소리가 젤 빡쳐 ㅇㅇ""}, {""comment_date"": ""2025-02-01 00:22"", ""comment_text"": ""바쁠때도 쉽게 부를라고 가까운 사람 찾는거에요""}]"
978422,진짜 20살때부터 돈 조금씩 모았어야함,20대 중반부터 취업하면 일년에 최소 2천은 모아야하고30살에 1억이 생각보다 쉽지가 않네요20대 초반때 알바로 놀면서 조금씩 모으는걸 경제 관념을들여야 20대 중후반 30대에 더 걱정 없음,2025-01-31 19:50,"[{""comment_date"": ""2025-01-31 20:03"", ""comment_text"": ""좋은환경에서 자랐나보네 월세 식비없이 알바로 2000 모을생각 쉽지않을텐데""}, {""comment_date"": ""2025-01-31 20:37"", ""comment_text"": ""가면 갈수록 모으기 더 힘들꺼예요 피시방에서 \n어린친구들이 다른친구한테 빛진거봄 ㅋㅋㅋ""}]"
978421,공고에 나와있는 시간 그대로 해야하나요?,너무 많거나 적은 것들이 있는데 궁금해요,2025-01-31 19:45,"[{""comment_date"": ""2025-01-31 20:02"", ""comment_text"": ""너무 많은경우는 오전오후 설정을 잘못한거고(00:00-17:00 들어가보면 12:00-17:00이였음) 너무 짧으면 제대로 올린게 맞더라.(3시간이면)""}]"
978419,신세계 강남점에서 일하는분 있나요?,신세계 강남점에 있는 매장에 합격 됐는데 혹시 직원통로가 어디쯤에 있나요?,2025-01-31 19:42,"[{""comment_date"": ""2025-01-31 19:44"", ""comment_text"": ""백화점 입구쪽에 있었던거 같은데 \n백화점 식당쪽 출구에 있었던거 같아요 지하에""}, {""comment_date"": ""2025-01-31 21:05"", ""comment_text"": ""ㄴ감사합니다""}, {""comment_date"": ""2025-01-31 21:50"", ""comment_text"": ""지하 !  입구 좌측에""}]"
978418,알바 그만 둔다고 말 하려 하는데,6개월 일하기로 하고 계약했어요. 2월까지 일하면 6개월이라 사장님께 2월까지만 일하면 약속한 6개월이서서 그만두어야 할거 같다고 말해도 괜찮을까요? 바로 내일이 2월이니 그만둔다고 하기도 좀 그런가요? ㅠㅠ,2025-01-31 19:42,"[{""comment_date"": ""2025-01-31 19:45"", ""comment_text"": ""기본적 으로는 1달전에 미리 통보를 해주시는 것이 사장 입장으로는 좋습니다""}, {""comment_date"": ""2025-01-31 20:00"", ""comment_text"": ""ㅋㅋㅋ 졸라빨리 말하네""}, {""comment_date"": ""2025-01-31 20:26"", ""comment_text"": ""하루 전 통보는 좀..""}]"
978417,원창컬리 입금,원창컬리 어제 근무했는데 입금이 언제쯤 될까요??,2025-01-31 19:33,[]
978416,콜인력 지원하지마세요,요세 현장일 없는건 저도 알겠는데요 다른데서도  일있으면 연락준다고 회원 대기만 시키고 지금 연락 기다리고 있는중입니다알바몬에 콜인력있길래 지원을 했는데 아직도 연락이 안오네요 그냥 아에 읽고 씹었음  아마도 일 없다고 씹는거 같은데 최소한 말은 해줘야지 이게  무슨경우임?이제 저기 돈 많이 준다해도 안감,2025-01-31 19:25,"[{""comment_date"": ""2025-01-31 22:43"", ""comment_text"": ""다른데도 알아보시미""}]"
978415,평택컬리 어제,근무하신분들 입금됐나요?냉동 파트타임했는데 아직도 안들어왔네요명세서는 떴는데,2025-01-31 19:18,"[{""comment_date"": ""2025-01-31 19:22"", ""comment_text"": ""18:07 1차 19:10 2차 입금됐습니다""}, {""comment_date"": ""2025-01-31 19:22"", ""comment_text"": ""곧 20시에 3차 입금 될거에요""}, {""comment_date"": ""2025-01-31 19:25"", ""comment_text"": ""저는 3차인가보네요\n댓글들 감사합니다""}, {""comment_date"": ""2025-01-31 19:29"", ""comment_text"": ""19:28 3차 입금됐습니더""}, {""comment_date"": ""2025-01-31 19:40"", ""comment_text"": ""입금확인 했어요\n휴 다행""}]"
978413,요즘 알바생들 불친절한 이유는뭐죠?,전 최저받고일해도불친절하게 안하는데왜이리다들 화가나잇는거죠?,2025-01-31 19:15,"[{""comment_date"": ""2025-01-31 19:23"", ""comment_text"": ""음... 거울을 보셔봐요ㅠㅠ 어쩌면 본인한테만 불친절한걸수도요ㅠㅠ""}, {""comment_date"": ""2025-01-31 19:54"", ""comment_text"": ""ㄴ잔인하다. 나도 똑같은말 하려고 했는데. 글쓴이 혹시 아니다 화이팅""}, {""comment_date"": ""2025-01-31 20:35"", ""comment_text"": ""요즘만 그런게 아님! 1825년 한양 남대문거리에서 국밥에 막걸리 먹으러 갔을때도 주모와 알바생들 불친절했음! 나 엽전 많았는데 노숙자 쌍놈 취급함! 심지어 기원전 3000년전 이집트 에 피라미드 벽돌 양중 노가다하러 해외원정갔을때도 점심은 파라오 함바집에서 먹고 옆에 할맥 있어서 들어갔더니 할맥 알바생이 외국인 안받는다고 눈을 세모 모양으로 부릅뜨고 불친절하게 쏘아붙힘! 불친절은 기원전부터 있었다! 로봇이 인간을 대체하면 조금 낫아질듯""}, {""comment_date"": ""2025-01-31 20:40"", ""comment_text"": ""알바니까 대충 때우고 월급 챙기려고요""}, {""comment_date"": ""2025-02-01 00:08"", ""comment_text"": ""별로 신경 안쓰는데  사갈 것만 사감 말 안걸면  땡큐지""}, {""comment_date"": ""2025-02-01 00:46"", ""comment_text"": ""지가어디 코믹영화 처량한 알바생 주연인줄 아는듯 다른일이면 몰라도 서비스직인데 지 꼴리는대로 행동하면 지능ㅈ박은거지 우리나라 애들이 이렇게 미개함ㅋㅋ저런애들 나이처먹고도 지주제파악은 절대 안되있쥬ㅋㅅㅋ""}]"
978411,용인파스토2센터,용인 파스토 2센터의류쪽 다음주 면접가는데 여자가 일하기 괜찮나요 ? 피킹 경험은 있습니다 ㅠㅠ 텃세라던지 ..,2025-01-31 18:51,[]
978410,보통 합격통보 문자는 언제 오나요?,몇일 정도 걸리냐요,2025-01-31 18:34,"[{""comment_date"": ""2025-01-31 18:36"", ""comment_text"": ""당일날 또는 그주 주말전에....""}, {""comment_date"": ""2025-01-31 18:43"", ""comment_text"": ""면접보러 간 날 언제 연락 준다고 해서 일단 기다리는데.. 그 날 연락 안오면 제가 연락 해볼라구요 저번에 기다리다가 계속 안와서 불합격 인지하긴 했지만 어차피 불합격이라면 안볼사이인데 물어보는 것 정도야""}, {""comment_date"": ""2025-01-31 18:49"", ""comment_text"": ""저는 붙었던 곳 모두 면접본 당일에 문자왔거나,그 자리에서 담주부터 오라고 하셨음.""}, {""comment_date"": ""2025-01-31 19:54"", ""comment_text"": ""일반적으로 면접당일 18시까지는 통보해줍니다....회사에서 날짜 지정하지 않는 이상은여~""}]"
978407,월급날 왜 이렇게 안오지,4일이나 더 기다려야돼~!~!,2025-01-31 18:09,"[{""comment_date"": ""2025-01-31 18:36"", ""comment_text"": ""그렇네요ㅠㅠ""}, {""comment_date"": ""2025-01-31 22:02"", ""comment_text"": ""금요일날 은행업무 정상근무인데\n입금이 안되는건가요?""}]"
978405,쿠팡 일용직 급여 들어오셨나요? (이천2) 악플 자제;,25일 오후에 일한 급여가 아직 않들어 왔는데다른분들은 들어왔나 싶어서요오후 6시이전에는 거진 들어오는데생각보다 늦어서;연휴껴서 지급이 늦는건가 싶기도하고..다른분들은 들어오셨나요?,2025-01-31 18:03,"[{""comment_date"": ""2025-01-31 18:15"", ""comment_text"": ""연휴 였으니까 좀 기다려보세요""}, {""comment_date"": ""2025-01-31 18:15"", ""comment_text"": ""저도 일요일 오후조 근무 했는데 아직도 안들어오네요ㅠ""}, {""comment_date"": ""2025-01-31 18:16"", ""comment_text"": ""연휴 껴서 조금 늦을 수가 있으니 기다려 보세요...""}, {""comment_date"": ""2025-01-31 18:16"", ""comment_text"": ""답변 넘나 감사드립니다ㅎ""}, {""comment_date"": ""2025-01-31 18:21"", ""comment_text"": ""방금 들어왔네요ㅎ""}, {""comment_date"": ""2025-01-31 18:37"", ""comment_text"": ""컬리 아직 안들어왔는데ㅜㅜ""}, {""comment_date"": ""2025-01-31 19:09"", ""comment_text"": ""어여 들어오기를 컬리가 입금이 늦나보더라구여ㅜ""}]"
978403,신한카드 미납콜센터 근무 어떤가요?,신한카드 미납콜센테에 근무 관련해서올라오는게 없어서요많이 힘든가요?,2025-01-31 17:52,"[{""comment_date"": ""2025-01-31 17:52"", ""comment_text"": ""카드값 내라는데 좋아할 수 없죠 지가 써놓고 안썼다고 우겨요""}, {""comment_date"": ""2025-01-31 18:02"", ""comment_text"": ""많이힘든가요를 않붙이면. 게시판에. 글을못쓰나 다들에효""}, {""comment_date"": ""2025-01-31 18:54"", ""comment_text"": ""근무해봤습니다 팀장들이 실적으로 엄청 스트레스주고요\n통화자체도 욕도 많이 먹기때문에 멘탈 약하신분은 못해요\n팀장들이 신카본사정직원들인데 완전 콧대높아서 계약직깔봐요  9-6 라고는하지만 콜많은날은 점심시간도 안주고 화장실도 안보내주고 실적안되면 8-7하는날도 많구요\n쉬운일은 아닙니다 영업아니라곤하시면 실시간으로 전국센터 서로 비교해가며 엄청 쪼아요 그런스트레스 신경안쓴다면 할만하구요 친절하게 상담할필요는없어서 그런점은 좋아요 무뚝뚝하게 통화해되요""}]"
978401,아니 쿠팡 심야조 확정문자 이시간까지안오면,걍마감인거임? 마감문자도 안왓는데 이러다늦게확정문자오면 버스탈시간 ㅈㄴ애매해지는데,2025-01-31 17:40,"[{""comment_date"": ""2025-01-31 17:54"", ""comment_text"": ""네 저도 그래요\n마감된거라고 생각하고 다른 알바 찾는게 정답이에요""}, {""comment_date"": ""2025-01-31 18:41"", ""comment_text"": ""마감된거죠""}]"
978400,나이스 평가정보 알바 해본사람!,있나여?,2025-01-31 17:34,"[{""comment_date"": ""2025-01-31 17:51"", ""comment_text"": ""흑 탈락됐어용""}]"
978399,모던 바 알바 해 보신 분,오늘 8시에 면접 가기로 했는데 네이버 리뷰 없고요 무슨 일 하냐 물어보니까 손님들 이야기 들어 주는 일이래요 픽업도 해 준다는데 픽업은 보통 룸방 아가씨들이나 해 주는 거 아닌가요?… 스킨십이나 룸 들어가거나 옆에 앉는 게 있냐 물어보니 그런 거 전혀 없이 바 안에 서서 일하는 거라는데 해 보신 분 있으면 어떤지 알려 주세요,2025-01-31 17:32,"[{""comment_date"": ""2025-01-31 17:33"", ""comment_text"": ""만지작만지작,쪼물쪼물""}, {""comment_date"": ""2025-01-31 17:36"", ""comment_text"": ""잠수 타고 면접도 가지 말까요?""}, {""comment_date"": ""2025-01-31 18:21"", ""comment_text"": ""가지마세요...""}, {""comment_date"": ""2025-01-31 18:40"", ""comment_text"": ""그런일 하는 거 아니에요 스킨쉽 없어도 성 파는 일임... 돈 때문에 유혹이 온건 알겠는데 하지 마세요 나중에 나이 먹고 돌아보면 진짜 크게 후회합니다""}, {""comment_date"": ""2025-01-31 18:41"", ""comment_text"": ""그리고 그런데서 성범죄 당해도 신고 못해요....""}, {""comment_date"": ""2025-01-31 19:16"", ""comment_text"": ""할거면 룸 없이 바 테이블만 있는 곳에서 알바하세요""}, {""comment_date"": ""2025-01-31 20:53"", ""comment_text"": ""나 아는애가 남자들이랑 이야기하면서 술먹는데서 일했다고하던데 딸있는 돌싱이었는데 난 술을 아주 싫어해서 그냥 엣날에 직장들어온애가 그런일했대""}, {""comment_date"": ""2025-01-31 20:54"", ""comment_text"": ""술을먹으면서 이야기하는데라던데?""}, {""comment_date"": ""2025-02-01 00:55"", ""comment_text"": ""하지마라""}, {""comment_date"": ""2025-02-01 01:37"", ""comment_text"": ""룸방 아가씨들한테나 해준다는거알면서 왜 면접을 보려고 하시는지..""}]"
978397,근무 장소랑 거주지랑 멀면 잘 안뽑나요,대중교통 40분정도 걸리긴 하지만 같은지역 다른알바 다니면서 지각 결근 한적 한 번도 없어도 안좋아할까요…,2025-01-31 17:07,"[{""comment_date"": ""2025-01-31 17:17"", ""comment_text"": ""아니요. 물어보긴할터인데 지금 글쓴것처럼 다른곳 알바하시면서 지각이나 결근 한번도 한적없습니다. 어필하시면 되요~ 물론 사장이 알바생을 노예처럼 부릴 목적이라면 거주지랑 먼곳은 안뽑죠. 근데 그게 아니라면 시간만 잘지키면 다들 뽑아요~""}, {""comment_date"": ""2025-01-31 17:32"", ""comment_text"": ""40-45분 거리에서 3번 해봄.얼마나 걸리냐고 할때 n분 걸리지만,그정도 걸리는 곳에서 알바해봤다/이 근처에서 알바 자주 해봤다.(실제로 가로수길 근처에서 계속 했었어서)고 한다면 붙긴하라고요.""}, {""comment_date"": ""2025-01-31 18:02"", ""comment_text"": ""먼지날리듯 지나갑니다 ~~""}]"
978395,엠피알 컴퍼니 남동시범공단 인근화장품,남동시범공단인근 화장품 공장 여기 어떤가요?가보신분 있나요? 회사이름좀요 ~,2025-01-31 16:59,"[{""comment_date"": ""2025-01-31 21:44"", ""comment_text"": ""이런 마인드라면 그냥 지원하지말고 집에서 쉬세요 후기에 힘들다고 하면 어차피 안갈거잔아 쉬운곳만 차즐려는 사람들 그냥 집에서 푹 쉬세요 딴사람들한테 민폐주지말고""}]"
978392,같은 계열사 재입사 해보신분있으실까요?,SPC 계열사 던킨에서 파리크라상이라던지 등 .. 퇴사한지 얼마 안된상태에서요!,2025-01-31 16:50,"[{""comment_date"": ""2025-01-31 17:18"", ""comment_text"": ""궁금한게 몰까요?ㅎ""}, {""comment_date"": ""2025-01-31 17:32"", ""comment_text"": ""회사는 같은데 마침 다른 계열사 브랜드 공고가 있어. 같은 케이스같은 분이 계신가 해서요 ㅎ. (현재 퇴사상태)""}, {""comment_date"": ""2025-01-31 17:37"", ""comment_text"": ""그곳에서 일해보셨으니 아시겠죠?  Spc계열사도 직영점과 개인사업자인곳  있다는고... 같은 계열사여도 직영점과 개인사업자인곳은 복지, 급여 완전 극과극 차이입니다~""}]"
978387,kbs수신료콜센터,kbs수신료콜센터라고 공고 많이 올라오던데..혹시 근무해보신분 계실까요?영업없이 인바운드상담만 있다던데...,2025-01-31 16:21,"[{""comment_date"": ""2025-01-31 17:06"", ""comment_text"": ""콜센터 업무고 대부분 민원 관련 전화가 많이 오고 언론분야라 힘들듯 합니다. 다른 콜센터를 알아 보세요.""}]"
978385,이거 기업 본사에 신고? 해야 할까요,"올리브영 매장 알바1) 고객분들 다 있는 앞에서 가정교육 운운 (엄마가 오냐오냐 키워서 그러냐)2) 우리 매장 그만두고 나면 이 동네 올리브영에서 일 할 생각하지 마라 내가 이 동네 점장들한테 연락오면 님에 대해서 안 좋게 말할거다 정 하고 싶으면 먼 지역 가서 해라앞으로 올리브영에서 일 못하게 하겠다는 협박성 발언 (본인 주장으로는 이게 갑질이 아니라고 함)3) 알바생들에개 매달 20% 쿠폰이 발행 됨 이 쿠폰을 사용해서 매장에서 물건 구매하고 내가 내 돈 100원 내고 봉투 추가하겠다고 했으나 치사한 것 같아도 봉투는 들고 다니라고 함..4) 지역 올영 총 관리자분께서 매장에 와서 나의 행동과 말투를 지적하고 가셨다며, 내가 지적당한걸 생각하면 너무 화가 나서 참을 수 없다고 하심근데 그 관리자분이 오신 날은 내 근무날이 아니었음5) 나의 근무 시간이 아닌 다른 타임에 대타를 가게 되었음 다른 알바생 분들이 이거하면된다 알려주시는 거 했고 내가 그 타임이 처음이라는 걸 알아서 모르는 게 있으면 물어보라고 하셨음 일하던 도중에 점장님이 출근하셨고 매장에 고객님들이 그렇게 많은데 ”저 사람 할 줄 아는게 하나도 없다니까요~ 그낭 계산이나 시키는게 편해~“ 그러고는 저한테 ”님 꿀 빨면서 일하는거 이제 아셨어요? 다른 알바생들은 다 힘들게 일하면서 돈 버는데 님만 꿀 빨고 있었어요“ ㅋㅋ.. 참고로 전 마감 업무 90% 혼자 합니다6) 이거 외에도 이름표 코팅지 오리는데 님 이름 개떡같이 오리면 기분 좋겠어요? 이렇게 말 함 (전 개떡같이 오리지 않았어요 ^^)실적 압박 심함. 님 때문에 매출 떨어지면 책임 지실거에요? 이럼 인센티브 내가 받는 것도 아니고 매장 입구에서 고객님이 내가 있는 걸 보고 안들어오실까요? ㅋㅋㅋ제대로 멘트하고 도와드리고 있는데도 한숨쉬고 어깨 미는건 기본, 고객님과 이야기 나누며 제품 꺼내드리려 하는데 제 행동이 느리다며 점장급이 이런걸 해야 하냐고 고객님 앞에서 핀잔 고객님 당황행사 대상자에 포함되는지 분명히 여쭤보고 고객님이 아니라고 하셨는데 자기는 못 들었다며 박박 우기기, 집요하게 안 물어봤다며 일을 왜 그렇게 하냐 트집잡기일단 생각나는건 이정도인데 본사에 겪은 일 관련 컴플레인 넣어도 되는 부분일까요 다른건 몰라도 앞으로 올영에서 일 할 생각은 하지 말라는게 제일 어이없고 화나네요 말해놓고 아차 싶었는지 갑질 아니라고 하는게.. ㅋㅋㅋ",2025-01-31 16:10,"[{""comment_date"": ""2025-01-31 16:13"", ""comment_text"": ""이거 저번에도 본 글 같은데 일단 신고 해보시는데 아마 증거가 필요 합니다""}, {""comment_date"": ""2025-01-31 16:17"", ""comment_text"": ""글 다 읽어봤습니다만 2번은 믿고 거르세요. 같은 동네 아무데나 취직해도 협박성 멘트 통하는곳 없더라고요. 자기가 뭐라도 되는냥 남의집 귀한자식 일하러 왔는데 그렇게 하면 진짜 얼탱이가 없음ㅎㅎ고소도 가능합니다. 컴플레인 본사에 넣는것보다 그냥 한사람 고소하는게 빠를듯.""}, {""comment_date"": ""2025-01-31 16:40"", ""comment_text"": ""증거가 있어야 할거에요 ㅠㅠ 증거 수집해서 무조건 갑질로 신고해요!! 무슨 저런 사람도 점장이라고 ;;""}, {""comment_date"": ""2025-01-31 16:47"", ""comment_text"": ""몇개월 근무하셨나요? 윗 내용 녹음이나 문자 등등 증거 모움 하셨나요? 윗 내용이 다 증거가 있다면 형사소송과 민사소송 전부 할 수 있어요. 힘드시겠지만 꼭 증거 모움하시고 일자, 시간 다 기록하시면서 일기 꼭 쓰시고 6개월 이상 되신다면 꼭 법적조취 하셔요. 형사소송으로 그 직원 백마논정도의 과태료 처분을 받을수있고 민사로 본인 위자료  3백마논 정도 받을수있어요~ 그리고 회사에서도 조취 취하기에 징계 받습니다. 당하지마시고 꼭 이깁시다. 제가 해봐서 말씀드립니다. 소송 처음은 어려울수 있어요. 근데 한번 해보니까 별거 없고 저런 인간들은 벌 받아야해요.""}, {""comment_date"": ""2025-01-31 17:15"", ""comment_text"": ""저도 다 읽어봤는데 1.2번은 갑질이 맞네요....이동네 올리브영에서 일못하게 하겠다는걸 갑질이 아니라고 하는건 억지죠~무슨 근거로 갑질이 아니라고 하는건지....저게 갑질이 아니면 뭐가 갑질인가요....회사로 치면 직장내 갑질 수준이에요...추후애는 그런일 당하시면 녹취도 하시고 문자나 증거로 남길수 있는건 다 모으세요.... 증거 모아서 소송하시고 점장급이라는 그분 고소 진행하세요....자기가 점장도 아닌데 점장인것처럼 얘기하네여 어이가 없네~""}, {""comment_date"": ""2025-01-31 17:15"", ""comment_text"": ""갑질 심한 분에게 걸렸네요ㅜㅜ 그냥 잊으세요""}, {""comment_date"": ""2025-01-31 18:24"", ""comment_text"": ""반갑습니다.똑같은 사건 경험자로서≪ CJ 제보 매뉴얼≫ 알려드립니다. 먼저≪ 올리브영 고객센터≫에 전화해서 그동안의 사정 설명을 요점만 찝어서 설명하세요 . 이 자체가 센터 자동녹음으로 본사 조사든 경찰 조사든 증거자료로 활용 될수 있습니다.그리고 고객센터에 관련 부서(cj인사팀or 해당 지역 슈퍼바이저 매니저)와의 통화 연결 부탁하세요. 여기서 끝이 아닙니다. 마지막으로 반드시 해야할 과정은 일단 구글에 ≪올리브영 온라인 제보≫검색하고 공식페이지 접속해서 제보 하세요.사안이 심각한거 같은데 이거 꼭 해야됩니다. (육하원칙 맞춰서 간결하게 작성하세요) .되도록 ≪실명제보≫해주셔야 조사과정을 투명하고 확실하게 알수있습니다. ≪Cj 인사팀 담당자 및 서기 직원 애들 ≫이 연락드릴꺼구요. 오프라인으로 서울역 CJ본사 건물 카페같은데서  미팅 하자고 할수도 있으니 본인이 알아서 수락하시든 어쩌든 하면 됩니당~~본사 통해서 하면 일처리 깔끔합니다.본사에서 가해자한테 조사 나갈텐데 가해자한텐 그 자체가 압박이고 개망신이고 가장 효과적인 위협 입니다. 핏줄과 똥줄이 마를겁니다. 가해자가 점장이나 트레이너 라면 더더욱. ..(아마 이 모든 과정들 올영 고객센터애서 똑같이 알려줄겁니다. 될수있으면 빨리 제보 하는게 이득입니다. 모든 과정 총 한달 내지 두달 정도로 완료 됩니다. 반대로 말하면 가해자 정신병 걸리게 만드는 한달 두달의 기간이 된다눈 거죠 !! 건승을 빕니다!!!)""}, {""comment_date"": ""2025-01-31 23:20"", ""comment_text"": ""이건 꼭 하세요 ! 이런 잡것들은 정말로 모조리 없애야 합니다 ! 저는 법적으로 저의 사장새끼를 한방에  보내버림 ^^ 일단 증거 모아 넣는데 최선 입니다 ^^  녹음. 빼도 박도 못하는  녹음 .음성 녹음 \n여러개 하면 제일 좋습니다 ! 갑질 하는거. 이건 경찰에 신고 해도 모욕죄에 성사됩니다 ! 꼭 이기시길 빕니다 ! 이바닥에 발을 못 들여놓겟다 ! 그런건 그사람이나 할것 같은데 ~ 꼭 이기길 바라겟 습니다 ! 건승하세요 ~ 좋은 소식 기다리겟습니다 ! 중도 포기 하지마시고 꼭 끝까지 싸워 이기세요 화이팅 !""}]"
978384,상여 높아서 지원했는데,이력서 합격했다고 이렇게 보내놓고품질부서만 남아있으세요.전화로 이러네.이러면 필름회사가서 앉아서 일하지.뭣하러 뺑뺑이 돌리는 품질부서 가냐.깐깐하게 봐놓고 이러면 화딱지 남.부서별로 재확인검사 전산입력 엑셀 이런거할바엔 서비스업가지.아. 근데 진짜 일자리가 없네요.,2025-01-31 16:10,"[{""comment_date"": ""2025-01-31 16:40"", ""comment_text"": ""요기 지역이 어디에요? 내가 다녔던 지역이라면 기기 맞는데 복지 좋고 일은 쉽고 편해서 좋았음ㅎ""}, {""comment_date"": ""2025-01-31 16:46"", ""comment_text"": ""다른데도 보면 항상 육안검사만 남아있음""}, {""comment_date"": ""2025-01-31 17:18"", ""comment_text"": ""아웃소싱만 찾으니 없는거네요""}]"
978382,회사들 이력서 겁나게 안보네,회서에서 알바생 구하기 위해서 공고를 올렸으면열람을 해야 할 거 아니야??? 공고만 올리고선왜 열람을 안하냐?? 그렇다고 지원자가 회사에연락 할 필요는 없는거지 사람이 필요한 곳은 회사 및기업인 이상 회사나 기업이 알아서 채용 처리를 해야지공고만 올리고 보지도 않네 이거,2025-01-31 16:01,"[{""comment_date"": ""2025-01-31 17:19"", ""comment_text"": ""이력서만 보고 그냥 패스하는 회사도 많은데요 이력서 봤다고 끝이 아니에요 아시다시피 서류전형 통과해야 면접기회가 생깁니다~""}, {""comment_date"": ""2025-01-31 21:44"", ""comment_text"": ""mor//이력서를 봐야 면접을 보든 말든 하지요 이력서 조차 보지도 않으면 면접 기회 자체도 없지요 일단 열람을 하는게 먼저고 면접 보는 건 그 이후의 문제임""}]"
978381,한줄톡,주말 알바생인데 주중 근무 대타를 해서 15시간 이상 근무를 했어요. 그럼 주휴 포함 되어야 하는게 맞지않나요? 대타근무는 원래 주휴 미포함인가요?,2025-01-31 15:49,"[{""comment_date"": ""2025-01-31 22:27"", ""comment_text"": ""대타는 포함 안돼요""}]"
978379,ㅋㅍ 리빈을 못하는데 그만둘까,계약직 일한지 일주일 됫는데리빈 하루 해봣는데시작한지 세시간 됫는데 안맞는게 6개나 되고내가 못하면 그만두는게 맞는거지폐만 끼치는거 같다ㅠㅠ,2025-01-31 15:12,"[{""comment_date"": ""2025-01-31 15:29"", ""comment_text"": ""처음엔 그러다가 적응될걸 ? 정 힘들면 너무 틀리고 안맞는거 같다고 옮겨달라고 요청해봐""}, {""comment_date"": ""2025-01-31 15:29"", ""comment_text"": ""근데 쿠팡은 단순 업무긴 해서 적응만 잘하면 금방 할듯""}, {""comment_date"": ""2025-01-31 17:16"", ""comment_text"": ""휴..... 리빈 힘들죠 햇갈리고 ..사람이니 실수 할 수 있는거에요 힘내세요""}, {""comment_date"": ""2025-01-31 22:14"", ""comment_text"": ""맨날 할거도 아니고 일주일 ? 들은 이것저것 경험해보는고지요""}, {""comment_date"": ""2025-01-31 22:15"", ""comment_text"": ""ob같으신데 집품이나 포장할때나 오류안나게 잘하삼""}, {""comment_date"": ""2025-01-31 22:17"", ""comment_text"": ""대단한업무는 당연아니지만 순간센스가 필요한업무임""}]"
978378,채용진행알림,알바를 여러개 지원햇는데 다 열람햇는데 막상 이력서 열람 했다고 채용진행알림이 하나만 왔는데 이건 어떤거죠? 다 열람햇능데 안오는것도 잇나요?,2025-01-31 15:08,"[{""comment_date"": ""2025-01-31 17:22"", ""comment_text"": ""회사가 이력서를 열람했다고 다 연락하진 않죠 서류전형 통과자에 한해 진행합니다....그렇게 따지면 50개 넘게 지원한 저는 지금쯤 면접전화 받느라 정신없어야 정상임""}, {""comment_date"": ""2025-01-31 17:51"", ""comment_text"": ""것도  본청서 컨펌들어가야 하는듯요""}]"
978377,군포물류는 당일취소 남발하는 곳임.,"CJ택배(주간분류, 야간상하차) 말고는죄다 당일취소 남발하는 곳임",2025-01-31 15:07,"[{""comment_date"": ""2025-01-31 15:09"", ""comment_text"": ""네 일용직다음이요""}, {""comment_date"": ""2025-01-31 16:21"", ""comment_text"": ""야간상하차여자들시키자.합숙도시키고숙식제공여자들그럼나도열심히할텐데여자들하고공짜로같이살붙이끼며일하게해주는데.여자가튼여자기생충지방근육돼지들말고아내가고아원출신인데나땐좋았는데이성동성들끼리아주잘지냈음.고아원장님외조교들""}]"
978376,써밋앰버서더,브랜드판촉대행이라던데 여기 일해보신분 있나요 어떤지 궁금해요,2025-01-31 14:57,"[{""comment_date"": ""2025-01-31 16:16"", ""comment_text"": ""궁금하면전화해보면되죠 여기는 왜 대체 해보신분 계신가요 알려주세요. 이러고들있을까...본인들이 궁금하시면 직접뛰면되죠""}]"
978375,편의점 알바 수습기간 있나요,알바를 처음 구해본 20살입니다 첫 알바로 편의점을 다니게 되었는데 점장님께서 따로 말씀 없으셨으면 수습기간은 없다고 봐도 될까요?재학하면서 알바를 한번도 못해봐서 완전 무경력이라 당연히 수습기간 급여를 받을 줄 알고 있었는데 찾아봤더니 1년 이상 근로계약이 되어있어야 고용측에서 수습기간 급여를 줄수있다고 하더라고요종료일은 따로 정하지 않고 근로 계약서를 작성했습니다 그럼 그냥 수습기간 없이 일반 시급으로 계산하면 되는 걸까요? 잘 몰라서 여쭙습니다ㅠ,2025-01-31 14:41,"[{""comment_date"": ""2025-01-31 14:45"", ""comment_text"": ""점장한테 물으세요. 개인사업자라 매장마다 다릅니다.\n여기서 100명이 댓글로 수습없다고 하는데 점장이 있다하면요? 그 반대는? 첫알바시니 모를수있다봅니다.""}, {""comment_date"": ""2025-01-31 14:46"", ""comment_text"": ""다른시간대 알바생들한테 수습기간 있는지 있으면 시급은 얼마인지 월급날은 언제인지 물어봐 ㅋㅋ 케바케인데 완전 초짜는 한달정도 수습기간있던데ㅋㅋ 일부악덕업주는 3개월까지 수습기간으로 해서 알바비 후려침 ㅋㅋ""}, {""comment_date"": ""2025-01-31 15:47"", ""comment_text"": ""단순한 노무직은 수습기간 앖습니다""}, {""comment_date"": ""2025-01-31 15:56"", ""comment_text"": ""앞/뒤 타임한테 수습기간으로 급여 덜 받은적 있냐고.\n단순노무는 없다고 하는데,우리집 근처는 1곳은 3달이라고 공고에 적은곳 있더라.수습급여 있다면 공고에 같이 써 놓은곳이 많아서,없었다면 최저 다 줄거임.""}, {""comment_date"": ""2025-01-31 17:25"", ""comment_text"": ""근로계약서에 수습기간명시가 따로 안되어 있다면 수습기간 없다고 보시면됩니다. 근로 종료일이 없기때문에 정규직이라 보시면되고 근로계약서에 시급으로 급여준다고 되어있다면 시급으로 계산하시면 됩니다~""}]"
978374,세일즈웍스코리아 일해보신 분 있으신가요?,제대로 된 설명도 없었는데 채용담당자분께서도 통화할 때 팝업스토어 행사 스텝이라길래 면접 보고 들어갔는데 생각했던 일이랑 다르더라구요. 첫 직장?이라 버텨봐야지 하는 생각으로 2주정도 했는데 후원취소했다고 돈 달래요. 일해보신 분들은 돈 드렸나요??? 안 드리면 어케 되는지.. 후기가 없어서 모르겠어요,2025-01-31 14:41,"[{""comment_date"": ""2025-01-31 17:31"", ""comment_text"": ""거기 다단계라고 본 것 같아요""}]"
978373,대전 유성 홈플러스 ㅍㅅㅁ 매니저폭언함 조심하길,한달 일했는데 이전에 카페 경험 많이 없다는거 알고 뽑았으면서 하나하나 지적하고 욕설까지는 아니지만 느려터졌다고 질책하고 모욕해서 한달만에 나왔네요일하는거 맘에 안들면 빨리 잘라도 되는데 폭언은 좀 아니죠 ㅋㅋ저보고 앞으로 어딜가도 금방 잘릴거라고 비아냥거리면서 한숨쉬고 하대하던데 내가 이런 취급 받아야하나 싶었습니다진짜 여러군데 일해봤지만 이런 사람은 처음 봤네요,2025-01-31 14:20,"[{""comment_date"": ""2025-01-31 16:39"", ""comment_text"": ""여기 정신나간 댓글들 무시하시고 녹취해서 노동부에 신고하세요. 여기 정신이상자들 왜이리 많음?""}, {""comment_date"": ""2025-01-31 17:25"", ""comment_text"": ""직장내에서 폭언 금지인데....욕설 금지....폭언도 금지에요....차라리 같이 못한다 얘기하고 정중하게 서면상으로 해고했음 깔끔하게 끝났을거를....폭언한거 녹음하시지 그러셨어요....앞으로는 부당한 대우 받으시면 증거수집해서 노동부 신고하세요""}]"
978371,편의점대타,이틀정도 빠져야하는데 점장님께 빠지게되어서 대타 구해달라해야하나요? 당근마켓 같은 곳에서 구하면 그 업장에서 일하는 사람이 아닌데 대타써도 되나요?,2025-01-31 14:07,"[{""comment_date"": ""2025-01-31 14:08"", ""comment_text"": ""점장님께 말씀드려야 해요...""}, {""comment_date"": ""2025-01-31 14:43"", ""comment_text"": ""같이 근무하는 근무자님께 부탁드려봐야죠.""}, {""comment_date"": ""2025-01-31 14:47"", ""comment_text"": ""대타 직접구하려면 점장 허락먼저.\n점장이 구한다면 그냥 놔두면됩니다.\n먼저 대타 본인이 구한다고 말하지마시고""}]"
978370,군포 네이버물류도 당일취소 많은가요...,쿠팡 자꾸 팅겨서군포라도 가야될 거 같은데...,2025-01-31 13:47,"[{""comment_date"": ""2025-01-31 14:08"", ""comment_text"": ""지원 해보세요...""}, {""comment_date"": ""2025-01-31 14:14"", ""comment_text"": ""소싱이 어디냐에 따라 틀려요""}]"
978369,아웃소싱 소득신고 언제쯤하나요?,일당으로받앗지만 그래도 여럿아웃소싱에서 다녓는데하루일한것도 소득신고 해주나요?,2025-01-31 13:43,"[{""comment_date"": ""2025-01-31 13:49"", ""comment_text"": ""하루도 소득신고는 무조건해야 불법이 아닙니다. 1월근무하셨으면 3월에 확인가능하십니다~ 세금신고가 빠른 업장은 2월 16일정도에 확인가능합니다. 확인은 국세청 홈택스에서 가능합니다~""}, {""comment_date"": ""2025-01-31 14:15"", ""comment_text"": ""힘내님~~감사합니다! 혹시 아웃소싱에서 소득신고안해주면 해달라고 해도되는건가요?""}, {""comment_date"": ""2025-01-31 14:23"", ""comment_text"": ""네 해달라고 말씀드리면되요~ 근로계약서 가지고 계신다면 사업자번호가 있을꺼예요. 그거로 본인이 홈택스에서 역신고도 가능합니다~ 세금 얼마떼셨나요? 0.9프로 떼셨으면 일용직으로 신고되어있고 3.3프로면 개인사업자로 신고되어 있을꺼예요~ 홈택스에서 보는창이 다르니 세금 얼마떼셨는지 확인하셔요~""}, {""comment_date"": ""2025-01-31 14:52"", ""comment_text"": ""소득신고 안하고  낼럼 하는인간덜 있음....\n소득신고 안한넘들 신고해버리삼  벌금맞게""}, {""comment_date"": ""2025-01-31 15:05"", ""comment_text"": ""세금은 떼고 들어오는곳있고 안떼고들어오는곳이 있더라구요.보통 일했던달 한두달뒤에 소득신고해주는건가요?? 댓글 감사합니다""}, {""comment_date"": ""2025-01-31 15:07"", ""comment_text"": ""007님~ 근로계약서가 있어야 신고할수있나요?""}, {""comment_date"": ""2025-01-31 15:25"", ""comment_text"": ""해주지않아요.이년계약직으로다닌회사도년말정산본인이해야한다고해서은행도가보고다해봐야해요.시도라도""}, {""comment_date"": ""2025-01-31 15:46"", ""comment_text"": ""근로소득신고는 본인이 못한다고하던데요...아닌가요?""}, {""comment_date"": ""2025-01-31 17:01"", ""comment_text"": ""3.3% 소득신고 되있을거예요.""}, {""comment_date"": ""2025-01-31 17:02"", ""comment_text"": ""일용근로소득은 탈세가 많이 되기에 근로자가 역신고 할수있게 홈택스에서 가능하게 되어있습니다~ 저도 많이 역신고해봐서 알려드리는거예요~ 다만 사업자번호를 알고 계셔야합니다~ 근로계약서가 있다면 사업자번호와 사업자주소확인이 쉽기때문에 신고가 유리하고요. 근로계약서가 없어도 사업자번호 알고 계시면 신고 가능합니다~ 근로계약서는 2장을써서 1장은 근로자, 1장은 사업주가 갖는건데요. 이부분 잘 안지켜지는 곳이 있을꺼예요. 저도 알바해보니 안지키는곳 많더라고요. 저는 그럴때 사업주한테 말씀드려요. 사장님 저 근로계약서 사진 찍어도 되나요? 그러면 어떤사장님은 네 찍어도되요 그러신분들있고~ 어떤사장님은 복사해서 드릴꺼예요.하고 복사해주시는 분들도 계시고 그래요~ 안주면 과태료부분인지라 달라고하거나 사진찍는다하니 다 해주더라고요~ 계약하는데있어서 의문이 있는 부분있다면 바로바로 말씀하셔요~ 그게 서로 편해요~""}, {""comment_date"": ""2025-01-31 17:13"", ""comment_text"": ""신고기한 알려드릴께요. 고용산재는 익월 15일까지이고, 소득세는 익월 말일까지입니다. 그런데 따로따로 신고하기 귀차나서 15일에 한꺼번에 하는곳도 많습니다. 또 정규직이신분들..4대보험가입자분들은 건강과 국민이 익월 10일까지라서 조금더 빨리 세금신고 한꺼번에 할 뿐입니다. 그래서 근로자는 1월에 근무가 2월 16일에 고용산재 확인이 되겠쥬? 모두 컴터로 확인이 되요~ 홈택스도 들가보시고 고용산재토탈서비스 사이트도 들가보시고 건강보험사이트도 들가서 내정보들 확인들 해보셔요~ 다 언제 어느회사서 가입되고 상실되었는지 확인이 되요. 귀차나하지말고 꼭 확인해보셔요. 자주 확인하다보면 이것저것 자세히 알게되는것들도 있어요~""}]"
978368,알바 지원한 곳 또 지원해도 되나요?,제곧내입니다.. 눈치가 보여서요,2025-01-31 13:41,"[{""comment_date"": ""2025-01-31 13:42"", ""comment_text"": ""하는 거야 문제 없죠 선택은 업장몫이구""}, {""comment_date"": ""2025-01-31 13:46"", ""comment_text"": ""언제 지원했는데요? 시간이 흘러 지원하는건 괜찮지만 몇일 안지나서 또 다시 지원은 안봐요. 모르고 지원서 봤어도 아 머냐하고 창 닫음.ㅠㅠ 한달정도 지났으면 괜춘욤""}, {""comment_date"": ""2025-01-31 13:46"", ""comment_text"": ""연락오면 좋은거고 연락 안오면 어차피 안볼사이라 그런거 신경 안쓰셔도 될듯요!""}, {""comment_date"": ""2025-01-31 18:18"", ""comment_text"": ""참   갈데없구나""}]"
978367,이디야커피 ㅅㄱ대점,"CCTV로 감시하고 카톡함...일주일에 하루, 3,4시간 고용하면서 모든 레시피가 머리에 들어있기를 바람. 같이 일하는 날이라도 있으면 온갖 레시피 물어보면서 검사함.레시피 보고 일하는 꼴을 못 봄.가게가 잘 되었으면 좋겠는데 일하다가도 cctv감시 카톡 받으면 기분 싹 잡침...일하시기 전에 서치에 걸린다면 참고하세요...",2025-01-31 13:35,"[{""comment_date"": ""2025-01-31 16:06"", ""comment_text"": ""숨막히네""}, {""comment_date"": ""2025-01-31 17:28"", ""comment_text"": ""AI 써야겠네요~""}]"
978365,스케줄근무면,"스케줄 근무다 보니 매주 근무일이 달라서 기존 일정과 겹칠 때마다 약속을 미루곤 했는데, 반복되다 보니 고민이 됩니다. 혹시 중요한 일정이 있을 경우, 미리 점장님께 특정 날짜에 근무가 어렵다고 말씀드려도 괜찮을까요? 이렇게 요청하는 것이 민폐가 되지는 않을지 걱정됩니다. 원래 스케줄근무제는 알바생이 시간을 맞춰야하는건가요?",2025-01-31 13:32,"[{""comment_date"": ""2025-01-31 13:43"", ""comment_text"": ""스케줄근무면 아무래도 근무스케줄에 맞추어 하죠. 이게 나랑 잘 맞을때도 있고 안 맞을때도 있어요. 중요한일있을땐 미리 말씀드리는게 예의이고요. 이게 넘 많아지면 곤란하긴하죠. 부담이 된다면 본인에게 안맞는 일이니 다른곳 찾아보세요. 냉정하게 잘 생각해보시고 결정하시기를~""}, {""comment_date"": ""2025-01-31 13:49"", ""comment_text"": ""스케줄 근무표가 1달에 1번 나오는 곳이야? 내가 일한곳은 1달전에 안되는날 있으면 말하라고 하셨어.하루이틀은 가능했고,가능하겠지만 그게 아니면 요일이 정해진 알바로가.""}, {""comment_date"": ""2025-01-31 17:31"", ""comment_text"": ""스케줄근무는 말그대로 1달 근무스케줄을 미리 짜는거라 팀내 협의가 필요합니다....제가 지원하려던 곳이 있었는데 주말에도 일해야 되고 고정휴무가 안된다고 해서 포기했죠""}, {""comment_date"": ""2025-01-31 18:26"", ""comment_text"": ""1달에 1번이 아니라 1주에 한번씩 알려주는거면요..?""}]"
978362,일산 카페 알바 폭언,"긴 글이지만 읽어주세요.안녕하세요. 카페 경력 1년 반인 대학생입니다. 최근 프랜차이즈 카페 알바를 구해서 오늘이 출근한 지 3일차가 되는데요. 이틀 근무했지만 경력직인지라 커피류는 무난하게 제조했고 음료 및 디저트류는 이제 암기하는 중에 있습니다. 고깃집, 빵집, 카페, 술집, 단기 알바 등 3년이 넘는 알바 생활 중 그 어떤 곳에서도 손이 느리다거나 예의가 없다거나 하는 식의 쓴소리는 들어본 적 없습니다. 알려주시면 잔실수 없이 곧잘 하는 편이에요.그러던 중 화요일 오전 5시경 조부상을 당해 급히 병원으로 가 장례 절차를 밟는 중에 목요일 근무가 어려울 것 같아 사장님께 연락을 남겨두었습니다. 3일장이라 금요일에는 출근할 수 있을 것 같다고 미리 알려도 드렸구요. 장지가 강원도 지방에 있어 3일밤을 꼬박 새고 급히 올라와 세수만 하고 오늘 아침 늦지 않게 출근했습니다.그런데 사장님께서 저를 보자마자 하시는 말씀이 “아니 어떻게 명절에 돌아가시니?” 더군요. 전혀 걱정하는 투 아니셨고 전날 안 좋은 일 있으셨나 싶으실 정도로 퉁명스럽게 왜 하필 그때 돌아가시냐는 식으로요. 사람이 죽을 날 받아놓고 죽나요. 너무 속상했지만 연휴 때 출근하지 못한 것이 죄송스러워 대충 얼버무리고 일을 하는데, 대뜸 오시더니 “너 레시피는 다 외웠니?” 라고 물으시기에 “경황이 없어 몇 개 빼고는 외우지 못 했습니다.” 라고 대답했습니다. 손님이 계신 상황이었음에도 ”나 그런 변명 제일 싫어해! 그게 무슨 소리야? 니가 일할 마음이 있어 지금? 너 일 안 하고 싶은 것 같아.“ 라고 쏘아붙이시는 겁니다. 손님께서도 눈치 보시면서 음료 가져가시고... 순간 울컥했지만 ”월요일에도 병원에 있느라 시간이 없었어요.“ 라고 대답했으나 ”니가 병원에 갔다고?“ 라고 하셨어요. 순수하게 되묻는 게 아닌, 병원에 가서 레시피를 외우지 못한 게 말이 되냐는 식이셨습니다. 당연히 다녀왔다는 대답을 하면서도 이게 무슨 대화인가 싶더라구요.월요일에 병원에서 위독하시니 오시라고 가족 호출을 주셨거든요. 우느라 레시피는 고사하고 밥도 못 먹었어요. 부모님께서 맞벌이를 하셔서 초등학교 때까지 조부모님 손에서 자랐거든요. 할아버지는 표현이 서투신 분이셨지만 손녀한테는 참 다정하고 애틋한 분이셨어요. 그래서 제겐 무척이나 가깝고 소중한 가족이셨습니다. 막말로, 얼굴도 못 뵌 먼 친척 분이 돌아가셔서 장례식에 다녀왔대도 이게 사람 대 사람으로 할 말입니까? 아직 마음도 제대로 추스리지 못 했는데 이런 말을 듣고 있자니 할아버지가 제가 이렇게 일하는 거 보시면 얼마나 속상하실까 생각도 들고 너무 서러웠지만 꾹 참고 하던 일을 마무리 지었습니다. 기다리는 손님도 계셨고 남아있는 사람은 남은 일들을 해내야 하니까요. 같이 알바하는 친구도 ”오셔서도 계속 레시피 보셨잖아요. 왜 말씀 안 하셨어요...“ 했지만 ”보긴 봤지만 경황이 없어 외우진 못 했으니까요. 괜찮아요.“ 하고 넘겼습니다.사장님께선 아직 분이 덜 풀리셨는지 10분 뒤쯤 저를 따로 부르시더라구요. 매장 테이블에 자리를 잡고 앉아 보라고 하시더니 우린 원래 레시피 안 외우면 안 뽑는다는 둥 이건 말도 안 되는 변명이라는 둥 정확히 모든 말이 기억나진 않지만 저것과 비슷한 어투로 또 혼내시기에 그만둬야겠다는 결심이 섰던 것 같습니다. 장례를 치룬 지 하루도 지나지 않아 제가 감정적이었을 순 있겠지만 돈이 급한 상황도 아니고 방학 중에 용돈 벌이하려고 시작했던 건데 이건 저를 넘어서 저희 가족을 욕보이는 것 같아 견디기 어려웠습니다. 사장님의 다그침에 대답을 하지 않자 매우 불쾌한 표정으로 문자로 계좌 남기고 오늘은 들어가라고 하셨고 그 길로 바로 옷 벗고 나왔습니다.입금은 아직 안 된 상태입니다. 오늘은 들어가라고 하시는 걸로 봐서 알바 새로 구해 교육시키는 건 싫으신가 본데 그냥 관둘랍니다. 더럽고 치사해서 못 해먹겠네요. 만 원 좀 넘게 받아가면서 이런 취급이라니... 눈은 펑펑 내리고 컨디션은 최악이고 할아버지는 보고 싶고 복잡한 마음에 길에서 펑펑 울었네요. 출근 첫날부터 ‘얘야’로 호칭하고 반말은 기본에 손목, 팔, 어깨는 물론 허리나 엉덩이 터치도 서슴없이 하시기에 쎄했는데 (사장님과 저는 여자입니다.) 이렇게라도 관두게 되어 다행인 걸까요? 부모님이 속상해하실까 봐 어디다 말도 못 하겠고 여기에라도 적어봅니다.일산동구 저가 커피 프랜차이즈 알바 구하실 때 조심하세요. 면접 때부터 반말, 터치 심하면 바로 관두시길. 저처럼 상처 받지 마시고 연휴 끝나서 알바 출근하신 분들 많을 텐데 파이팅입니다! 다정한 하루들 보내세요.",2025-01-31 13:13,"[{""comment_date"": ""2025-01-31 13:20"", ""comment_text"": ""일할곳은 많습니다.   이런곳은 일할가치가 없는곳입니다.  빨리 나오세요.  사장인성 쓰레기네요.   마음이 편한곳에서 일하세요. 여기는 절대 아닙니다.""}, {""comment_date"": ""2025-01-31 13:24"", ""comment_text"": ""면접볼때   본인이 사장 면접 본다고 생각하세요, 그리고  사장 말투 인상  이 느낌이 좋지 않고  쎄하면 절대 가지마세요.  직감이 무섭게 다 맞습니다.  참고 견디지 마세요  젊은때는 돈보다 경험을 한다는 생각으로 하세요.""}, {""comment_date"": ""2025-01-31 13:25"", ""comment_text"": ""싸구려 프렌차이즈 사장이니까 인성도 싸구려 인것입니다.""}, {""comment_date"": ""2025-01-31 13:36"", ""comment_text"": ""수고했어. 그런곳 빨리 나오는게 이득임. 첫알바때 남에 업장에서 돈 버니 참자는 생각으로 1번 참으니,말을 막 뱉으시더라고. 그런곳 버텨봤자 이득 없음.""}, {""comment_date"": ""2025-01-31 13:37"", ""comment_text"": ""일산살고 담주 면접인대...거르고 싶은대 초성으로 알려주심 안될까요??""}, {""comment_date"": ""2025-01-31 13:59"", ""comment_text"": ""인간이길 포기한 사장새낀가...""}, {""comment_date"": ""2025-01-31 16:15"", ""comment_text"": ""글쓴이입니다. 그냥 푸념글이었는데 생각도 않게 많은 위로 주셔서 힘 얻어갑니다. 알바는 당연히 관두려구요. 제가 비상식적인 게 아니었네요. 정말 감사합니다! 모쪼록 감기 조심하시고 새해 행복만 가득하시길.\n\n* 힌트 달라고 하신 분 힌트는 쏘니입니다 쏘니...""}, {""comment_date"": ""2025-01-31 17:42"", ""comment_text"": ""고생하셨네여....아니 부득이한 상황에서 3일 지내고 올라온거고 정시에 출근했는데 위로는 못해줄망정 참내....글읽으면서 내내 열받았네요....그냥 액땜했다고 생각하시고 바로 그만두세요...득될게 없습니다....사장이 인성이 안됐는데....왜그러고 사나몰라""}]"
